AppID,Name,Release date,Estimated owners,Peak CCU,Required age,Price,DLC count,About the game,Supported languages,Full audio languages,Reviews,Header image,Website,Support url,Support email,Windows,Mac,Linux,Metacritic score,Metacritic url,User score,Positive,Negative,Score rank,Achievements,Recommendations,Notes,Average playtime forever,Average playtime two weeks,Median playtime forever,Median playtime two weeks,Developers,Publishers,Categories,Genres,Tags,Screenshots,Movies
1286580,Ship of Fools,"Nov 22, 2022",20000 - 50000,1995,0,13.49,1,"Ship of Fools is a seafaring roguelite co-op game where you play the Fools, the only creatures fool enough to brave the sea. The Great Lighthouse that once protected the Archipelago is broken and a storm of malice and corruption is coming. Together, you and your ship mate will jump aboard The Stormstrider and make your voyage across the sea. Man the cannons, ready your sails and protect your ship from sea monsters over multiple runs. It’s up to you to defend your home from the almighty Aquapocalypse. In a clamshell, Ship of Fools is a game about blasting away your seaborne foes with mighty cannons as you defend your ship. Inspired by modern classic roguelites and built for co-op, you’ll want to bring your first mate on deck and enjoy oarsome combat as you unlock new trinkets and artifacts to help you save the world from catastrophe. Designed for co-op play, frantic combat encounters with the horrifying creatures of the storm will test your teamwork. Work together to defend and repair the ship, combine item effects in powerful combos and make sure you have your shipmate’s back if you don’t want to become fish food. Uncover lost treasures and remote shops on the islands of the Archipelago, but plan your moves carefully! As you chart your way through the sector, the Everlasting Storm shifts and changes, blocking your paths with its fury. You’ll need to adjust your course in reaction to storm movements and decide when you can brave a trip to discover what lurks inside the storm. Man your ship as a solo sailor and fight your way through dangerous waters and keep the glory for yourself, Ship of Fools offers solo play as well as multiplayer. As they sing in old sailor songs: it’s sometimes better to have no crew than a dysfunctional one! With many Fools to play with, unique items to find and unlock, combat encounters to fight in and many islands to visit, each run will bring something new to your voyage. Bolster your strength each time, ready to defeat the monsters of the deep sea. Key Features Frantic nautical combat with another shipmate in co-op or as a solo sailor Colossal leviathans to challenge the hardiest of sailors Chart your route through the maps of the Archipelago and brave the Everlasting Storm Embody one of the unique Fools with special abilities to help you on your journey 100+ trinkets and artifacts to collect and combo for winning strategies Swashbuckling hand-drawn artwork to put the wind in your sails Please note: A controller is required for local multiplayer","['English', 'French', 'Italian', 'German', 'Spanish - Spain', 'Japanese', 'Korean', 'Russian', 'Simplified Chinese', 'Traditional Chinese']",[],,https://cdn.akamai.steamstatic.com/steam/apps/1286580/header.jpg?t=1669137094,https://shipoffoolsgame.com/,https://www.team17.com/support/,help@team17support.com,True,False,False,0,,0,485,71,,24,503,,19,19,19,19,Fika Productions,Team17,"Single-player,Multi-player,Co-op,Online Co-op,Shared/Split Screen Co-op,Shared/Split Screen,Steam Achievements,Full controller support,Steam Cloud,Remote Play Together","Action,Indie","Co-op,Rogue-lite,Action,Multiplayer,2D,Action Roguelike,Rogue-like,Cute,Colorful,Local Co-Op,Fantasy,Online Co-Op,Local Multiplayer,Naval Combat,Singleplayer,Combat,Great Soundtrack,Indie,Naval","https://cdn.akamai.steamstatic.com/steam/apps/1286580/ss_31c74b60275a8f283e61b065520081debe478e95.1920x1080.jpg?t=1669137094,https://cdn.akamai.steamstatic.com/steam/apps/1286580/ss_6e6bfa2693b6ecf93d2656a247b7a34f778809d7.1920x1080.jpg?t=1669137094,https://cdn.akamai.steamstatic.com/steam/apps/1286580/ss_142ba65198b8807c3fdfa0f3ca035da836cfdcde.1920x1080.jpg?t=1669137094,https://cdn.akamai.steamstatic.com/steam/apps/1286580/ss_65fee3f34d0153c85735b084fb11c1724658dfcc.1920x1080.jpg?t=1669137094,https://cdn.akamai.steamstatic.com/steam/apps/1286580/ss_1cc6723682e8092b3637558744aa508ac10a427e.1920x1080.jpg?t=1669137094,https://cdn.akamai.steamstatic.com/steam/apps/1286580/ss_ffdd7dab886913bdc60f679cd4a74f9115afe1fc.1920x1080.jpg?t=1669137094,https://cdn.akamai.steamstatic.com/steam/apps/1286580/ss_23718395cd621917120fc23ded210a32a874e413.1920x1080.jpg?t=1669137094,https://cdn.akamai.steamstatic.com/steam/apps/1286580/ss_042cbba8b817befeabf5597f5c9a5b25aa64a7fc.1920x1080.jpg?t=1669137094,https://cdn.akamai.steamstatic.com/steam/apps/1286580/ss_30b3b6965374602ee1e8e6e5fcfb08103d7786d5.1920x1080.jpg?t=1669137094,https://cdn.akamai.steamstatic.com/steam/apps/1286580/ss_b8253d3670e7b8f511d249d6354c65d316785969.1920x1080.jpg?t=1669137094","http://cdn.akamai.steamstatic.com/steam/apps/256917450/movie_max.mp4?t=1669135694,http://cdn.akamai.steamstatic.com/steam/apps/256900872/movie_max.mp4?t=1660568415,http://cdn.akamai.steamstatic.com/steam/apps/256890992/movie_max.mp4?t=1667231026,http://cdn.akamai.steamstatic.com/steam/apps/256876851/movie_max.mp4?t=1646832825"
1371810,Bamerang: Warm-Up Duel,"Aug 12, 2020",50000 - 100000,0,0,0.0,0,"In this free warm-up version of Bämeräng, you can already familiarize yourself with the art of boomerang throwing, which awaits you in the full game. Experience fast-paced boomerang duells, set in an outlandish, colorful world. Master the flight curve of the boomerang to hit your friends in unexpected ways and send them flying off the stage. What are you waiting for? Grab a friend for some action packed fun and please the almighty goddess with your mad boomerang throwing skills. Master the flight curve of the boomerang Learn to anticipate the trajectory of the boomerangs to dodge your opponent's throws and hit them from unexpected angles. Win the favor of the goddess The almighty green goddess declares as the winner whoever collects the most golden points on the stage. Don’t fall off the platform or the goddess will shake those precious points out of you. Exciting matches Steal those precious points from your opponents by landing your boomerang throws and throwing them off the platform. But beware, the more points you have, the more you can lose, making it easy for your opponents to catch up. AND ONCE YOU'RE ALL WARMED-UP, CHECK OUT THE FULL GAME, FEATURING: Over 20 map variations Adapt to the changing surface of the platform. Take cover behind obstacles and throw your opponents into holes in the map. Free for all mayhem or team mode Engage in intense 1v1 duels, or fill your whole couch with a 4-player free for all or team game. Matches over multiple rounds The green goddess will change the platform after each round as it rises towards the sky, where the winner can look forward to be celebrated by the goddess herself. More unique soundtracks Get into the boomerang fighting groove with 3 handcrafted soundtracks!",['English'],[],,https://cdn.akamai.steamstatic.com/steam/apps/1371810/header.jpg?t=1626703403,https://www.bamerang.net/,,support@bamerang.net,True,False,False,0,,0,40,3,,0,0,,0,0,0,0,Lululu Entertainment,Lululu Entertainment,"Multi-player,PvP,Shared/Split Screen PvP,Shared/Split Screen,Full controller support,Remote Play Together","Action,Casual,Free to Play,Indie","4 Player Local,Action,Pixel Graphics,Funny,Casual,2D Fighter,Local Multiplayer,Top-Down Shooter,Retro,Fighting,Top-Down,Arcade,Arena Shooter,2D,Colorful,Minimalist,Aliens,Family Friendly,Space,Surreal","https://cdn.akamai.steamstatic.com/steam/apps/1371810/ss_1f9d00d9237d4514f7ed813da833afc449acd5a5.1920x1080.jpg?t=1626703403,https://cdn.akamai.steamstatic.com/steam/apps/1371810/ss_4c7a9c86f4f0c162b146c741d838802e2549dbb0.1920x1080.jpg?t=1626703403,https://cdn.akamai.steamstatic.com/steam/apps/1371810/ss_3f76fe097885843a480943d112c07d4bbe717ea4.1920x1080.jpg?t=1626703403,https://cdn.akamai.steamstatic.com/steam/apps/1371810/ss_74d8eaaf1910e0b0f3cf8f76f2182c045a303730.1920x1080.jpg?t=1626703403,https://cdn.akamai.steamstatic.com/steam/apps/1371810/ss_2e03af5c0e07d5822bef5b6aca883040a5eafe9d.1920x1080.jpg?t=1626703403",http://cdn.akamai.steamstatic.com/steam/apps/256792728/movie_max.mp4?t=1595010492
602920,Sketch! Run!,"Mar 31, 2017",0 - 20000,0,0,1.99,0,"Once upon a time a school-boy got a copy-book. But it was not a usual one! Anything you draw in this copy-book becomes alive. And so did Liny! The romantic character, who wants to learn more about the world and become free! But it is not so easy. He has to overcome numerous obstacles. Water or an eraser can destroy him. So, sharpen your pencil and draw! Do not let Liny stop on his way towards a dream! A hundred of wonderful levels is waiting for you: you will be able to relax and enjoy!",['English'],[],,https://cdn.akamai.steamstatic.com/steam/apps/602920/header.jpg?t=1490989244,,,ualightning12@gmail.com,True,False,False,0,,0,6,0,,0,0,,0,0,0,0,VI Games LLC,VI Games LLC,,"Indie,Early Access","Indie,Early Access","https://cdn.akamai.steamstatic.com/steam/apps/602920/ss_fae550737406ea0af17e7fa3a0e64d38e191f1f7.1920x1080.jpg?t=1490989244,https://cdn.akamai.steamstatic.com/steam/apps/602920/ss_8f827ac995d95bdefc99e8c54ebb39a94affc409.1920x1080.jpg?t=1490989244,https://cdn.akamai.steamstatic.com/steam/apps/602920/ss_c89df05eef7ec1d6e0fbea3521193afb51fb2670.1920x1080.jpg?t=1490989244,https://cdn.akamai.steamstatic.com/steam/apps/602920/ss_c131835eea517c005d8660a629c3c9cf36b8bb30.1920x1080.jpg?t=1490989244,https://cdn.akamai.steamstatic.com/steam/apps/602920/ss_684f28f57446777604c4fb755f4e769c8a0b3b2e.1920x1080.jpg?t=1490989244,https://cdn.akamai.steamstatic.com/steam/apps/602920/ss_8cb1f829a3da19864469afe883e130e64c73fbd4.1920x1080.jpg?t=1490989244",http://cdn.akamai.steamstatic.com/steam/apps/256681045/movie_max.mp4?t=1489605793
1818450,STALCRAFT,"Dec 9, 2022",0 - 0,0,0,0.0,0,"STALCRAFT is a game in the MMOFPS genre with Survival Horror elements. It combines an open world, RPG and a dynamic shooter component. Gameplay Most of the time the player spends in the open world of the Chernobyl Exclusion Zone . Locations are filled with all kinds of PvP and PvE-activities, beloved by fans of Stalker: search for artifacts, mutant hunting, exploration of uncharted locations, doing quests and laboratories, participation in faction wars. For those who have little time to play, there are various session modes. Plot and quests The main storyline introduces the player to the Zone and allows you to enjoy an intriguing story, complete with cut-scenes and fully voiced dialogues. The world is also filled with many side quests steeped in stalker spirit. First-person shooter Weapon balance is not typical of open-world MMOs and is more reminiscent of session shooters like Call of Duty. We characterize our game as a fast-paced, reaction based and skill-driven shooter. Engine and setting Originally, STALCRAFT was only conceived as a Minecraft fan modification that brings the world of S.T.A.L.K.E.R. into multiplayer mode. Over the past seven years , the project has changed significantly, and is now based on its own game engine. We position the game as an independent product inspired by the developments of GSC Game World, but not copying them. PVP in an open world One of the key features of the project is a complete freedom of PvP - players join one of the warring factions and can kill outsiders anywhere, except for small safe zones and quest dungeons. What is a stalker without looting and ambushes! Distribution model The game is distributed on a free-to-play model on a PC. Progression in the game is not pay to win - everything can be obtained in-game or purchased from other players at an auction.","['English', 'Russian']",['Russian'],,https://cdn.akamai.steamstatic.com/steam/apps/1818450/header.jpg?t=1670785332,https://stalcraft.net/link/sqr,https://support.exbo.net,contact@exbo.net,True,False,False,0,,0,0,0,,17,0,,0,0,0,0,EXBO,EXBO,"Multi-player,MMO,PvP,Online PvP,Co-op,Online Co-op,In-App Purchases","Action,Adventure,Massively Multiplayer,RPG",,"https://cdn.akamai.steamstatic.com/steam/apps/1818450/ss_93121f622fbc401d5ab8288e61e5ef95604db85c.1920x1080.jpg?t=1670785332,https://cdn.akamai.steamstatic.com/steam/apps/1818450/ss_46c63535fc634356b5a26e9d0b3d54ea0bed5fb2.1920x1080.jpg?t=1670785332,https://cdn.akamai.steamstatic.com/steam/apps/1818450/ss_1e8b0c84c39da6924a252a9f6eae3e48917ad37b.1920x1080.jpg?t=1670785332,https://cdn.akamai.steamstatic.com/steam/apps/1818450/ss_cff464ba281c89a685a9239b4d57b06e9f4e1007.1920x1080.jpg?t=1670785332,https://cdn.akamai.steamstatic.com/steam/apps/1818450/ss_d367c1252a76d40749532d4d537508f7d2ea6632.1920x1080.jpg?t=1670785332,https://cdn.akamai.steamstatic.com/steam/apps/1818450/ss_6d02b540a0d4a42a19a7fdc9f233b509918bd0ad.1920x1080.jpg?t=1670785332,https://cdn.akamai.steamstatic.com/steam/apps/1818450/ss_8328662f216b62634508c17362e0da83b205b7ff.1920x1080.jpg?t=1670785332,https://cdn.akamai.steamstatic.com/steam/apps/1818450/ss_c2b2bed87e28b82f433567ec6dde07a07e518c2b.1920x1080.jpg?t=1670785332,https://cdn.akamai.steamstatic.com/steam/apps/1818450/ss_6ea1c01fbf2c58b1ab8d3feb86ceb0314d4f1496.1920x1080.jpg?t=1670785332,https://cdn.akamai.steamstatic.com/steam/apps/1818450/ss_8ff9ff55561fc1bff34015742647b50cc47311dc.1920x1080.jpg?t=1670785332,https://cdn.akamai.steamstatic.com/steam/apps/1818450/ss_ab6638b0b0e626eaa51aea0381cd74dc7b3802de.1920x1080.jpg?t=1670785332,https://cdn.akamai.steamstatic.com/steam/apps/1818450/ss_b984ae1fd187e58b7008c7c66fbe5406bbd49892.1920x1080.jpg?t=1670785332,https://cdn.akamai.steamstatic.com/steam/apps/1818450/ss_2a15c04d11b2c56931ecdacc41cce032cccf23bb.1920x1080.jpg?t=1670785332,https://cdn.akamai.steamstatic.com/steam/apps/1818450/ss_7549f256e00225d375bc1398c1f968ff3c1fbe87.1920x1080.jpg?t=1670785332","http://cdn.akamai.steamstatic.com/steam/apps/256920462/movie_max.mp4?t=1670785268,http://cdn.akamai.steamstatic.com/steam/apps/256863239/movie_max.mp4?t=1670785331,http://cdn.akamai.steamstatic.com/steam/apps/256862305/movie_max.mp4?t=1638280928"
721400,Hot Runback - VR Runner,"Sep 27, 2017",0 - 20000,0,0,4.99,0,"Have you ever actually run while playing runners? Or you just sit and watch your character run on a smartphone screen without burning any single calorie? Now you have a chance to experience some-thing completely new, run your character through troubles, while actually run with your VR headset on. Run, evade obstacles and throw your weapons to everything your eye catches. Sometimes it would be a policeman, sometimes — a neighbour’s car. But what the most important is — you would have to run. Run for your life. Challenge yourself. Key features: Say no to buttons and sticks! Grab your Vive controllers and run! Infinite (Literally. The world is procedurally generated, there is no end) action! Unbelievable projectile weapons — you can throw footballs, hot dogs, even fresh fish! Show everyone how cool you are with global highscores and embedded fitness-tracking! Track your calories and distance. Get your body ready for beach vacation, without removing your HMD. Stylish graphics — no ugly cubes and flat textures! We are looking forward to your suggestions on what else we can add for you to have even more fun. Support us now! Tell your friends!",['English'],['English'],,https://cdn.akamai.steamstatic.com/steam/apps/721400/header.jpg?t=1506580113,,yode.co,,True,False,False,0,,0,6,1,,0,0,,0,0,0,0,Yode group,Yode group,Single-player,"Action,Casual,Sports","Action,Casual,Sports,VR","https://cdn.akamai.steamstatic.com/steam/apps/721400/ss_4dfefedb35a2dce04f7b524d1c8d76598a1c8afd.1920x1080.jpg?t=1506580113,https://cdn.akamai.steamstatic.com/steam/apps/721400/ss_1acc070b1b261621c0e368e2475387b90ddde4f0.1920x1080.jpg?t=1506580113,https://cdn.akamai.steamstatic.com/steam/apps/721400/ss_8255af2f843ad630e5a3d668ed07f570bbc5adab.1920x1080.jpg?t=1506580113,https://cdn.akamai.steamstatic.com/steam/apps/721400/ss_ec3a4e5b4b3e1a5fd5782acfc6eb39526fb395cb.1920x1080.jpg?t=1506580113,https://cdn.akamai.steamstatic.com/steam/apps/721400/ss_81ddbdc8e146e86444c94074069107715786be98.1920x1080.jpg?t=1506580113",http://cdn.akamai.steamstatic.com/steam/apps/256696140/movie_max.mp4?t=1506427353
520120,Vanguard V,"May 31, 2017",0 - 20000,0,0,14.99,0,"Join Us On A Journey as we develop Vanguard V in this Early Access release. This title features the original 2014 prototype level and a completely new level! Level 2 also has developer commentary, simply hit the 'Enter' key to get behind-the-scenes info as you play. Also, make sure to check out the Developer Corner to hear from the developers directly in 360 video. Videos are updated alongside the game. Your support will directly help this title reach the finish line! JackSepticEye playing the 2014 Vanguard V Prototype Vanguard V is a fast-paced flight adventure game, designed for Virtual Reality, with diverse settings including flights through space, Earth’s surface, and the worlds below. You are the sole defender and greatest weapon against the Parasites. The freedom of flight meets action adventure! The team includes developers who worked on titles including Uncharted, Shovel Knight, Call of Duty, Syphon Filter, and from a variety of game companies including Sony, Microsoft, EA, Capcom and more! Reviewers trying out the 2014 Prototype Qu entering the scene at the start of the all new level 2! Watch out! Those hurt. Obsidian Falls",['English'],['English'],,https://cdn.akamai.steamstatic.com/steam/apps/520120/header.jpg?t=1496232133,http://www.VanguardV.com,http://www.zerotransform.com,justin@zerotransform.com,True,False,False,0,,0,10,5,,0,0,,0,0,0,0,ZeroTransform,ZeroTransform,"Single-player,Partial Controller Support,Commentary available","Action,Adventure,Indie,Early Access","Action,Indie,Adventure,Early Access,VR","https://cdn.akamai.steamstatic.com/steam/apps/520120/ss_e6cce70029048c7fd14bfa0067f98709f273b1a7.1920x1080.jpg?t=1496232133,https://cdn.akamai.steamstatic.com/steam/apps/520120/ss_2edcdb4ec47c2ba29b9d207c9d23492c8c59034d.1920x1080.jpg?t=1496232133,https://cdn.akamai.steamstatic.com/steam/apps/520120/ss_9a3f8026b044e79f6dbbdd8fda55897e44870b09.1920x1080.jpg?t=1496232133,https://cdn.akamai.steamstatic.com/steam/apps/520120/ss_788a6dbb2b64abd5b8de96b7e08b4952be0a8eb2.1920x1080.jpg?t=1496232133,https://cdn.akamai.steamstatic.com/steam/apps/520120/ss_28e221acd9f3bcf966fbe175b57113cc2bfad185.1920x1080.jpg?t=1496232133","http://cdn.akamai.steamstatic.com/steam/apps/256682048/movie_max.mp4?t=1495753414,http://cdn.akamai.steamstatic.com/steam/apps/256686125/movie_max.mp4?t=1496232129"
766730,Gachimuchi Reloaded,"Feb 14, 2018",0 - 20000,0,0,0.99,0,Show them who's the boss of this gym. St♂ry Get out of the nasty paws of Gachi in passing killing robots and whit♂ liquid. You do not have past and future. You stupid cock. All that you have a jetpack and a machine gun. Destroy them all. In Gachimuchi Reloaded you will get: ♂ Addictive gameplay. ♂ Classic 2D platformer. ♂ Hardcore ♂ Сlassical music. ♂ Beautiful graphics 2♂18. ♂ Dangerous opponents. ♂ Deep immersion in a narrow tunnel. ♂ Weapons and revenge.,['English'],[],,https://cdn.akamai.steamstatic.com/steam/apps/766730/header.jpg?t=1520197830,,,help_steam_00@mail.ru,True,False,False,0,,0,195,16,,50,188,,0,0,0,0,Volha,Volha,"Single-player,Steam Achievements,Partial Controller Support","Sexual Content,Nudity,Violent,Gore,Action,Adventure,Indie","Indie,Violent,Adventure,Sexual Content,Action,Gore,Nudity,Psychological Horror,Comedy,Memes,Great Soundtrack,Casual,Singleplayer,Emotional,Simulation,Education,Horror,Story Rich,Action-Adventure,Futuristic","https://cdn.akamai.steamstatic.com/steam/apps/766730/ss_1678c87fd2c49330a464eef989112db23eea4793.1920x1080.jpg?t=1520197830,https://cdn.akamai.steamstatic.com/steam/apps/766730/ss_f6e2bce5d14d09f37eeabb956878bdd0098d6858.1920x1080.jpg?t=1520197830,https://cdn.akamai.steamstatic.com/steam/apps/766730/ss_ceb8d8fa526f685ea89f44a31b280f4bed0b0a4c.1920x1080.jpg?t=1520197830,https://cdn.akamai.steamstatic.com/steam/apps/766730/ss_f1228609a58e6b42d6d1c7ab6b4b26a337268748.1920x1080.jpg?t=1520197830,https://cdn.akamai.steamstatic.com/steam/apps/766730/ss_9cba759970550b696329fd3f731fb42d25fae2b6.1920x1080.jpg?t=1520197830,https://cdn.akamai.steamstatic.com/steam/apps/766730/ss_432d3a52499593624cfa161ea9c372f1b794181f.1920x1080.jpg?t=1520197830",
877250,Devochka Quest,"Jun 21, 2018",0 - 20000,0,0,0.99,0,"This game is more than adventure, is the game drew up on paper using watercolours, which includes the game detail and even the animations! This is a story about a little girl who is preparing to celebrate the New Year. She will meet the fabulous animals and wonders. - There is no words :) - There is no speech :) - Everything is clear without words ^.^ - The Girl have no face (you can imagine any) - The Game is not so long... and... - Unique colorful style - Hand drawn watercolor graphic - Music played on live musical instruments (inc Balalaika, Garmoshka, Glockenspiel) - Joyful ambience of childhood - Good jokes - Cats...","['English', 'French', 'Italian', 'German', 'Spanish - Spain', 'Arabic', 'Bulgarian', 'Portuguese - Brazil', 'Hungarian', 'Greek', 'Danish', 'Traditional Chinese', 'Simplified Chinese', 'Korean', 'Dutch', 'Norwegian', 'Polish', 'Portuguese', 'Romanian', 'Russian', 'Thai', 'Turkish', 'Ukrainian', 'Finnish', 'Czech', 'Swedish', 'Japanese']","['English', 'French', 'Italian', 'German', 'Spanish - Spain', 'Arabic', 'Bulgarian', 'Portuguese - Brazil', 'Hungarian', 'Greek', 'Danish', 'Traditional Chinese', 'Simplified Chinese', 'Korean', 'Dutch', 'Norwegian', 'Polish', 'Portuguese', 'Romanian', 'Russian', 'Thai', 'Turkish', 'Ukrainian', 'Finnish', 'Czech', 'Swedish', 'Japanese']",,https://cdn.akamai.steamstatic.com/steam/apps/877250/header.jpg?t=1529570936,,http://vk.com/seawee,sergeitkhorovski@mail.ru,True,False,False,0,,0,3,5,,0,0,,0,0,0,0,Vesna Games,Vesna Games,Single-player,"Adventure,Indie","Adventure,Indie,Point & Click","https://cdn.akamai.steamstatic.com/steam/apps/877250/ss_6d23e50590542ba0174f54f6d1cbcb69b49a12bc.1920x1080.jpg?t=1529570936,https://cdn.akamai.steamstatic.com/steam/apps/877250/ss_ccc79ed1858d001f412eaa270bb3054f111a4e14.1920x1080.jpg?t=1529570936,https://cdn.akamai.steamstatic.com/steam/apps/877250/ss_a783478933b4e23d3dc7f5f72a37ac80052efd33.1920x1080.jpg?t=1529570936,https://cdn.akamai.steamstatic.com/steam/apps/877250/ss_598d340510eb57699adcf46bdb55cb8802cd0c01.1920x1080.jpg?t=1529570936,https://cdn.akamai.steamstatic.com/steam/apps/877250/ss_17d12976dd8ad229f1e9d3ecb85edd85dad65451.1920x1080.jpg?t=1529570936,https://cdn.akamai.steamstatic.com/steam/apps/877250/ss_5ce59f71e7c77f54085e6ec41f3beeffdd2ead68.1920x1080.jpg?t=1529570936",
319970,The Detail,"Oct 28, 2014",100000 - 200000,0,17,2.99,2,"The Detail, a crime noir adventure in a modern American city. Controlling the actions of a bitter veteran detective investigating a brutal gangland murder and a reformed criminal trying to protect his family, the player is forced to make tough choices and deal with the resulting consequences of those moral dilemmas. The gameplay focuses on branching narrative mixed with interactive comics, and is completed by a professional audio track. The Detail combines the emotional impact of Telltale Games' The Walking Dead with the themes of a realistic crime drama like HBO's The Wire, delivered with our own unique visual style inspired heavily by graphic novels. This is city where cases matter, clearance rates matter, and on a good day even justice matters. The season begins with: Episode 1 – Where the Dead Lie Features Character-driven experience with multiple playable characters Branching storyline influenced by the player's choices Mature themes for mature players Ethical and moral challenges Point n' click gameplay, with a modern mix of adventure game &amp; interactive comic Now including The Detail Episode 1: Artbook and Official Soundtrack. They are placed in your THE DETAIL folder in the Steam Directory: ...Steam\steamapps\common\The Detail\",['English'],[],"“Episode 1 does exactly what it should, grabs you right from the get-go and leaves you desperate for more.” 90 – Calm Down Tom “The judgment? This is a must-play.” 10 / 10 – The AU Review “The Detail is a cleverly constructed, creatively presented, and expertly written (episodic) tale taking us into the dark side of crime.” 4/5 – Impulse Gamer",https://cdn.akamai.steamstatic.com/steam/apps/319970/header.jpg?t=1572624888,http://the-detail.com/,https://rival-games.com/,contact@rival-games.com,True,True,True,77,http://www.metacritic.com/game/pc/the-detail-ep-1-where-the-dead-lie,0,468,173,,55,430,"This game contains sexual themes of romance, adultery and forced prostitution. There is also alcoholism and drug abuse, as well as violent behavior (with guns and otherwise) and the examination of murder victims.",185,0,226,0,Rival Games Ltd,Rival Games Ltd,"Single-player,Steam Achievements,Full controller support,Steam Trading Cards,Captions available,Steam Cloud,Stats","Adventure,Indie","Adventure,Point & Click,2D,Great Soundtrack,Story Rich,Noir,Indie,Detective,Choices Matter,Crime,Visual Novel","https://cdn.akamai.steamstatic.com/steam/apps/319970/ss_81d62fd1f146bbe7e0bc405a2ba9597161010326.1920x1080.jpg?t=1572624888,https://cdn.akamai.steamstatic.com/steam/apps/319970/ss_fc0e6bbf953d35b7f2e20055cf06a8cd170be7a4.1920x1080.jpg?t=1572624888,https://cdn.akamai.steamstatic.com/steam/apps/319970/ss_dae5e6036a79f8feae1198beac9feace2a57ba03.1920x1080.jpg?t=1572624888,https://cdn.akamai.steamstatic.com/steam/apps/319970/ss_fb25dfa9b92d9e8a3f358fae1230865f041a83b5.1920x1080.jpg?t=1572624888,https://cdn.akamai.steamstatic.com/steam/apps/319970/ss_f4e6c91bb85faf3a2ced7895a64d8dd685dd2bff.1920x1080.jpg?t=1572624888,https://cdn.akamai.steamstatic.com/steam/apps/319970/ss_37ced362681bdaa0bf87c9a08d63dbbbe3c91062.1920x1080.jpg?t=1572624888,https://cdn.akamai.steamstatic.com/steam/apps/319970/ss_5410a838efd858889508d8d7f5c9ef4d69a0bc78.1920x1080.jpg?t=1572624888,https://cdn.akamai.steamstatic.com/steam/apps/319970/ss_3d375632f8a854a340f31ce38ff746d3a85dd317.1920x1080.jpg?t=1572624888","http://cdn.akamai.steamstatic.com/steam/apps/2036239/movie_max.mp4?t=1447366267,http://cdn.akamai.steamstatic.com/steam/apps/2034674/movie_max.mp4?t=1447363854,http://cdn.akamai.steamstatic.com/steam/apps/2034675/movie_max.mp4?t=1447363854"
320820,Toren,"May 11, 2015",100000 - 200000,0,0,9.99,1,"Experience the mysterious, timeless world of Toren, the first adventure game from Brazilian indie developer Swordtales. You are Moonchild, destined to climb the tower (known as Toren) on a hauntingly solitary journey to find your purpose. You must solve puzzles and face monsters as you struggle to climb to the top of this beautiful, yet treacherous environment, driven by the will to find your freedom. A Journey of Learning &amp; Fulfilment - As the story progresses your character will age from a mere infant to grown woman creating new mechanics and challenges for each learning experience and phase of her life. In addition, the Tree of Life within the tower grows as she does, providing access to new areas to explore and new items to find. Poetry brought to Life – Toren features dark fantasy storytelling in a universe filled with symbolism. The mysterious, fantastical atmosphere is conveyed through an award-winning art design and original score. As your journey unfolds you will discover scrolls of poetry, which reveal the story and true origins behind Toren and aids the Moonchild in discovering her purpose. Rich Puzzle Solving - Every stage of the game features new and progressively more deadly challenges for the player: solving environmental puzzles, how avoid and survive attacks from dangerous creatures, and eventually defeating the end boss.","['English', 'French', 'German', 'Spanish - Spain', 'Portuguese - Brazil']",[],"“It’s an experience that has thoroughly resonated with me and one that refuses to leave my thoughts.” 9/10 – GodisaGeek “It’s a beautiful game, and I highly recommend that everyone should give it a shot.” 8/10 – Gaming Trend “An incredibly unique outing from Swordtales that's well worth playing.” The Escapist",https://cdn.akamai.steamstatic.com/steam/apps/320820/header.jpg?t=1628278359,http://toren-game.com,http://versusevil.com/contact/,support@vsevil.net,True,True,False,57,https://www.metacritic.com/game/pc/toren?ftag=MCD-06-10aaa1f,0,822,466,,12,917,,213,0,242,0,Swordtales,Versus Evil,"Single-player,Steam Achievements,Full controller support,Steam Trading Cards,Steam Cloud,Remote Play on TV","Adventure,Indie","Adventure,Indie,Female Protagonist,Singleplayer,Puzzle-Platformer,Atmospheric,Great Soundtrack,Short,Action,Puzzle,Dragons,Fantasy,RPG,3D Platformer,Platformer,Third Person","https://cdn.akamai.steamstatic.com/steam/apps/320820/ss_893eb02e99d564fdeb0e8e419a46423d0b232ec9.1920x1080.jpg?t=1628278359,https://cdn.akamai.steamstatic.com/steam/apps/320820/ss_ce1b04e42e72d8c42ca03b06a4628f0356cab73b.1920x1080.jpg?t=1628278359,https://cdn.akamai.steamstatic.com/steam/apps/320820/ss_05b9fb335482588f0101fc8a1e6d9e184937d73e.1920x1080.jpg?t=1628278359,https://cdn.akamai.steamstatic.com/steam/apps/320820/ss_d01853d4cadff05be57a3061d2733fed71fc33e5.1920x1080.jpg?t=1628278359,https://cdn.akamai.steamstatic.com/steam/apps/320820/ss_70f80ffc54418db12eefeaf29e3c0358ff628e28.1920x1080.jpg?t=1628278359,https://cdn.akamai.steamstatic.com/steam/apps/320820/ss_da0e6fb90a149be6869d8a82b1b5f65d0511533d.1920x1080.jpg?t=1628278359",http://cdn.akamai.steamstatic.com/steam/apps/2039001/movie_max.mp4?t=1447373796
400280,Lizard,"Mar 4, 2018",0 - 20000,0,0,9.99,3,"Put on a lizard and go for an adventure! Choose your lizard carefully. You can find six different ones scattered across the land, each with its own special ability. You'll need these abilities as you make your difficult journey through many dangerous places. Carefully hop your way to the top of an active volcano. Surf down a surging river. Swim an underwater lake. Ascend a snowy mountaintop. What kind of strange creatures will you meet? Can you unravel the mysteries of Lizard? Lizard is an original game for the NES, presented here on various Steam supported platforms. If you're looking for the NES cartridge, please visit the website. Content advisory: Tricky platforming gameplay. There is an 'easy' mode but many find it difficult. Coin currency that is of dubious value. Too small for details tiny pixelated nudity. Spooky skeletons. Strange concept of death that may not reflect reality. An obscure tobacco reference? A mug of coffee somewhere. You'll get lost.","['English', 'French', 'German', 'Portuguese - Brazil', 'Spanish - Spain', 'Spanish - Latin America', 'Japanese']",[],,https://cdn.akamai.steamstatic.com/steam/apps/400280/header.jpg?t=1577584267,http://lizardnes.com,http://lizardnes.com,bugs@lizardnes.com,True,True,True,0,,0,23,2,,20,0,,0,0,0,0,Brad Smith,Brad Smith,"Single-player,Steam Achievements,Full controller support,Steam Trading Cards,Steam Cloud","Action,Adventure,Indie","Adventure,Indie,Action,Retro,2D,Pixel Graphics,Platformer,Side Scroller,Difficult,Singleplayer,Open World,Exploration,Classic,Casual,Great Soundtrack,Old School,Family Friendly,1990's,Multiple Endings,1980s","https://cdn.akamai.steamstatic.com/steam/apps/400280/ss_5aa252ab907072242d1229b1b65c2bf2213682f5.1920x1080.jpg?t=1577584267,https://cdn.akamai.steamstatic.com/steam/apps/400280/ss_91fd527e858cdee48dd931538098d3818fe5b789.1920x1080.jpg?t=1577584267,https://cdn.akamai.steamstatic.com/steam/apps/400280/ss_6ce196d86e953d0c8bd298fc2845597f67640f7b.1920x1080.jpg?t=1577584267,https://cdn.akamai.steamstatic.com/steam/apps/400280/ss_d88b56941acce98dd661bc4770c55620841995df.1920x1080.jpg?t=1577584267,https://cdn.akamai.steamstatic.com/steam/apps/400280/ss_a4449c553789f846ab4657a15f8a439e3a24c17b.1920x1080.jpg?t=1577584267,https://cdn.akamai.steamstatic.com/steam/apps/400280/ss_266930b0875818ef1ab12e471ca18acaccf898b4.1920x1080.jpg?t=1577584267,https://cdn.akamai.steamstatic.com/steam/apps/400280/ss_80baeb0ba0acda5623b85a7e17b8534ba87941f0.1920x1080.jpg?t=1577584267,https://cdn.akamai.steamstatic.com/steam/apps/400280/ss_7c7dc5216ffb051217e7a807220c912c83f3ce5d.1920x1080.jpg?t=1577584267,https://cdn.akamai.steamstatic.com/steam/apps/400280/ss_e60b8c20154af44c68972838228f5e0995c9b6c6.1920x1080.jpg?t=1577584267","http://cdn.akamai.steamstatic.com/steam/apps/256712753/movie_max.mp4?t=1522227541,http://cdn.akamai.steamstatic.com/steam/apps/256708386/movie_max.mp4?t=1519169367,http://cdn.akamai.steamstatic.com/steam/apps/256708388/movie_max.mp4?t=1519169381"
547900,Front Office Football Eight,"Nov 23, 2016",20000 - 50000,35,0,29.99,0,"Front Office Football is a text-based sports simulation. It's a game for those of us who love the numbers in sports. In Front Office Football, you play the role of your favorite team's general manager. You determine your team's future through trading with opponents, negotiating contracts, bidding for free agents and discovering new talent through the annual amateur draft. You can also play the role of the armchair coach, setting game plans, creating playbooks and depth charts. You can call every play yourself if you like. You can determine ticket prices and submit stadium construction plans for public approval. You can move your team if the public won't properly support your franchise. Front Office Football Eight includes a multi-player career mode with full ftp support, allowing you to compete in a league with up to 31 other enthusiastic general managers. Multi-player mode runs independently of Steam and requires a commissioner to manage the web site. The original game, released in 1998, received an Editors' Choice award from Computer Gaming World and a 4 1/2-star review. It was nominated for numerous Sports Game of the Year awards. This is the Eighth full version, updated in February 2021 with 2020 player rosters. Put Yourself in the Front Office In order to succeed in Front Office Football, you need to perform as well as possible in four different areas. Team Performance. On the field, your primary goal is winning the coveted Front Office Bowl. Your fans, players and staff all want to see that championship banner raised to a new position in the ring of honor surrounding your stadium. Financial Performance. Off the field, your team needs to show a profit, or the owner will become angry and threaten your job. You need to control salary and staff costs while balancing the need to spend money to build and upgrade your stadium against the risk of facing stagnant ticket revenue with an aging arena. Roster Value. You need to negotiate contracts, sign free agents, make wise decisions in the amateur draft and outsmart opposing general managers in trade. Building a strong, capable roster means everything in Front Office Football. Franchise Value. The bottom line is that a happy owner has a franchise that's the envy of professional football. Nothing means more to the owners than seeing their franchise on the top of the list of most valuable franchises. You help put your team on that list by excelling in the three other categories, but the best general managers look for opportunities to move the team in order to find a home town with a strong economy that will support your team like none other. Major Features of Front Office Football The game concentrates on roster management and career play. There are several key elements emphasized in the game design: A realistic trading module. You can't simply take the players you want from other teams. Proper aging of players. Players at different positions age differently. Quarterbacks need a couple of more years to reach their prime, but their careers last several years longer, on average, than running backs. The amateur draft. Teams realistically assess their needs, and build through the draft. Statistics. All the major stats are tracked and are available at any given time. Career and full season-by-season statistics are tracked in 135 different categories, including Red Zone and Third Down numbers. You can view and sort statistics by team, category and position. It's fast and accurate. Front Office Football also tracks and displays 182 different team statistics and league totals. Play calling. Designed to allow quick selection of a large library of players, you can be the ultimate GM and wrest control of the play-by-play action from your coach. You can tailor your in-game strategy to your team's strengths without having to build each play from scratch. Free agency. Teams compete with you to sign the best free agents. Each player has his own idea of how much he wants to stay with his existing team, and how much he wants to play for a champion. But money is still at the root of all decisions. Home towns. Each player will have a home town from nearly 10,000 American cities. When deciding on teams during free agency, players may prefer a team closer to home. Offensive playbooks. Each season, you can create a playbook full of offensive plays your team will use during the season. Depth charts. You can set every personnel grouping for your team, on offense and on defense. Front Office Football simulates games based on these charts. Game plans. The game plan will allow you to specify different strategies depending on the score of the game and how much time remains. You can create scripts of plays to use based on down, distance and field position. On defense, you select plays based on the situation and what the offense is showing. You can micro-manage every decision, or you can leave everything to your coaching staff. Player ratings. Each player is rated for 53 different skills. But you don't have access to the raw numbers. Where's the fun in that? You hire a coaching staff, with varied strengths and weaknesses. Your coaches tell you how good they think your players are - and how good they think your opponents' players are. The salary cap. It's an essential tool in keeping parity among professional football rosters. You'll have to cut your aging, high-paid veterans just like any ruthless general manager worth his weight in negotiations. City profiles. Submit a plan to build a new stadium to your voters. If they turn you down, you can propose a move to any of 169 cities modeled in the game. Each city is rated for several economic criteria, which affects its desire for a new team. Team chemistry. Players will perform better or worse in some instances, depending on how they feel about players in their group. Dynamic Quarterback learning process. As quarterbacks learn more about the game, they will have access to more plays during games, allowing the smarter signal-callers to better confuse their opponents. Record keeping. All team statistics are tracked for a manager's entire career. Team records, including all-time performance against every other team, are kept. A game-by-game performance breakdown is always available for individual players. Power ratings. You can see how your team ranks using Solecismic Software's custom power rankings. These ratings are used to set a point spread for each game. Enhanced replay value. Every time you start a new career, the core ratings for each player are randomly affected. For veterans, the random change will be very small. Established stars will always be significant players. For rookies, however, performance will vary significantly. This allows for a more challenging game and greater replay value. Multi-Player League Support. Choose a commissioner to run the games for your league. Your commissioner will simulate the games and process every team's instruction set for each stage during the game. Up to 32 people can compete in each multi-player league. New in Version Eight For those of you who have played Front Office Football in the past, there are dozens of new features in the game. This is our most ambitious new product to date, and you'll find it a much more realistic professional football experience. Custom offensive playbooks. Each year, during training camp, you can create a book of up to 200 offensive plays to use during the season. Of course, as with all the management features in Front Office Football, the game's AI can create a playbook specifically for your team if you like. New player participation charts. You can select your starters based on personnel groupings. This gives you much more control over who is on the field in every situation. More realistic game planning. Rather than filling out extensive charts, you can write scripts for the plays your team will run in every situation. Create a list of plays for use in the Two-Minute Drill. Save your best plays for those critical third-and-three situations. This is much closer to how professional teams handle in-game play-calling. On defense, your plan will cover how you react to what your opponent is doing. You'll have fewer choices to make, but the choices will have a big impact on performance. Instant history (or at least history created as quickly as your computer can run). At the press of a button, you can generate up to 50 seasons of 'history' for your league, with the AI running every team. Enhanced Multi-Player Support. A fuller set of options for maintaining your multi-player games. Additional security features to prevent 'hacked' stage files and file compression to shorten load times and reduce the FTP space needed to run a game. New player cards with quick access to all the information available about each athlete. Create graphs showing how many wins each franchise has over any time period in your league to highlight potential dynasties. A playoff probability simulator so that late in the season you can determine each team's chances of reaching the playoffs or gaining a first-round bye. A brand new menu interface. Front Office Football will never be the prettiest game in the world, but the the new menu will quickly get you any place in the game. Interface improvements. Switch between using various screens within the game. You can even take advantage of multiple monitors and have all sorts of varied information available at once. Front Office Football has always been about displaying as much information as possible. Quote of the Day. Every day, you can read a quote from the vast store of collected wisdom within the Front Office Football universe. Extensive improvements and fine tuning within the game engine. Little was left untouched. The heart of Front Office Football is in the play results and the simulation of thousands and thousands of games. A 2019 player file and coach file. Thanks for taking a look at Front Office Football Eight.",['English'],[],"“The game is as in-depth as any sports game on the market, and kept me coming back for more and more.” 8.5/10 – Operation Sports",https://cdn.akamai.steamstatic.com/steam/apps/547900/header.jpg?t=1613806720,http://www.solecismic.com,http://www.solecismic.com,,True,False,False,0,,0,208,42,,78,244,,0,0,0,0,Solecismic Software,Solecismic Software,"Single-player,Multi-player,Steam Achievements",Sports,"Sports,Simulation,Football,Management","https://cdn.akamai.steamstatic.com/steam/apps/547900/ss_2d108f41781312f5c2c224bb7d1b0d797fa0428a.1920x1080.jpg?t=1613806720,https://cdn.akamai.steamstatic.com/steam/apps/547900/ss_a1ae4b9bff794df72b7411a2817f724c690760a2.1920x1080.jpg?t=1613806720,https://cdn.akamai.steamstatic.com/steam/apps/547900/ss_e5aba14c6a24d9de715a35eedebc8318c596ec0f.1920x1080.jpg?t=1613806720,https://cdn.akamai.steamstatic.com/steam/apps/547900/ss_f8da042a77f0661a181943e59e0b51086fae2630.1920x1080.jpg?t=1613806720,https://cdn.akamai.steamstatic.com/steam/apps/547900/ss_b441ce3265f4e1d99e760c9aba4e09df3e972110.1920x1080.jpg?t=1613806720,https://cdn.akamai.steamstatic.com/steam/apps/547900/ss_054ea94aaeb952abefbf74c59da577d6453d3350.1920x1080.jpg?t=1613806720,https://cdn.akamai.steamstatic.com/steam/apps/547900/ss_47f9fbc887c65c56dbf6eec9f260429615897068.1920x1080.jpg?t=1613806720,https://cdn.akamai.steamstatic.com/steam/apps/547900/ss_958fc33a9df6e2e7d00c75fc2f44a46866d16a02.1920x1080.jpg?t=1613806720,https://cdn.akamai.steamstatic.com/steam/apps/547900/ss_42531f09bba5f43f5888509acdf207fea84fcfa6.1920x1080.jpg?t=1613806720,https://cdn.akamai.steamstatic.com/steam/apps/547900/ss_2edbb94d4f5547e70bd2283b94e14893b96eec7e.1920x1080.jpg?t=1613806720,https://cdn.akamai.steamstatic.com/steam/apps/547900/ss_70984c5795ffb282099fce7cda075a7aa1d16272.1920x1080.jpg?t=1613806720,https://cdn.akamai.steamstatic.com/steam/apps/547900/ss_c77173a277d6762ec90f4fde13d0cf4d9eaed3e3.1920x1080.jpg?t=1613806720,https://cdn.akamai.steamstatic.com/steam/apps/547900/ss_d7d9e4509b50ab685a6f1f2a6bf878b960aa9307.1920x1080.jpg?t=1613806720,https://cdn.akamai.steamstatic.com/steam/apps/547900/ss_2d456ac35575a70da07322ef11ff320542348491.1920x1080.jpg?t=1613806720",http://cdn.akamai.steamstatic.com/steam/apps/256675052/movie_max.mp4?t=1479869544
555080,Isyium,"Dec 13, 2016",0 - 20000,0,0,0.99,0,"Features Over 40 original compositions - sci-fi electro tunes to immerse you into this altered world. (runtime 100+ mins) Easy to learn - just hit a button when the atoms collide! Deeper strategy with improved skill and higher competencies. Overlay systems - Easers to ease targeting of atomic hits (when earned), a Sight for aligning hits, a 'Resist-Vaporizing' meter to impede a vaporizing event, a Qenoscope to vanquish Antimatter Radicals, internal lighting options to favor tunnel imagery, options for spoken voice and/or continuous music with shuffle option by switch. About Isyium is a unique combination of simulation, strategy and casual arcade (if played in that spirit) with an abridged story mode. Set in an orbital accelerator many years in the future after Earth's untimely bio destruction, you pilot a futuristic - if not altogether rusted and clunky apparatus - called the Spinnercast Module, capable of near light speed as it races through the loop. Your goal is to create Isyium - a theoretical particle that reverses the effects of Proxectron - the cause of Earth's disaster. (Proxectron was similarly created in an orbital accelerator). Discovering a casebook detailing the process of defining Isyium, you now run something called a simulant, building particles and logging codes. When eight codes have been defined there is a brief puzzle to solve before uploading them, completing your mission. Gameplay From a viewport you interact with particles to form new entities. This is achieved by smashing two atoms then combining their offspring particles to color the core, which eject to one of eight positions in the outer group. At run completion there is a presentation of volumes. Once all colors have been completed, a competency is achieved, resulting in an auto-save and a code written to the casebook's cover. Strategy is required for mixing colors, maintaining the central core's mass, destroying Antimatter Radicals - which can damage your module and end your run early, along with using Discontinuous Anomalies to increase atomic velocities (and improve the mass of resulting particles) or contiguous atomic hits to increase velocity as well as earn Easer points and resist Vaporizing Rays. Balance your particle combining choices with elimination choices - either make a large amount of particles with greater mass (along with their orbiting satellites) to define harder to achieve, larger-sized colors sooner, or keep runs lean and eliminate threats early, requiring more runs overall. To assist, your module contains numerous dials and switches that link to tools, as described in the manual.",['English'],['English'],,https://cdn.akamai.steamstatic.com/steam/apps/555080/header.jpg?t=1481699554,,,glenn_001au@yahoo.com,True,False,False,0,,0,4,5,,14,0,,250,0,284,0,Glenn Main,Glenn Main,"Single-player,Steam Achievements,Full controller support,Steam Trading Cards",Simulation,Simulation,"https://cdn.akamai.steamstatic.com/steam/apps/555080/ss_142a27ca8110d221e1e633127aa65fd01958c02f.1920x1080.jpg?t=1481699554,https://cdn.akamai.steamstatic.com/steam/apps/555080/ss_71574724188238f6b9c4bcc48037299ef2edae04.1920x1080.jpg?t=1481699554,https://cdn.akamai.steamstatic.com/steam/apps/555080/ss_3d3b48c9b826f4fdb61692bd10e9a3625ce2ae7f.1920x1080.jpg?t=1481699554,https://cdn.akamai.steamstatic.com/steam/apps/555080/ss_8badef5df3c65c50a51c49ca9cc7c040666d00f3.1920x1080.jpg?t=1481699554,https://cdn.akamai.steamstatic.com/steam/apps/555080/ss_421b803f36ea20b999a4f1ea3c61cbb5a8cf4c44.1920x1080.jpg?t=1481699554,https://cdn.akamai.steamstatic.com/steam/apps/555080/ss_783d2264ab576f715eb8d2587ea96782ba49644a.1920x1080.jpg?t=1481699554,https://cdn.akamai.steamstatic.com/steam/apps/555080/ss_eff1267cb23bf9f83de0c11edb2680320f39f832.1920x1080.jpg?t=1481699554,https://cdn.akamai.steamstatic.com/steam/apps/555080/ss_49bb219dd196faf7314d67617890817415c948b2.1920x1080.jpg?t=1481699554,https://cdn.akamai.steamstatic.com/steam/apps/555080/ss_243c74cfdb221c4005551fa95184a032aeb483ef.1920x1080.jpg?t=1481699554,https://cdn.akamai.steamstatic.com/steam/apps/555080/ss_346ffdf19e049e06a3147329876ab325ceb85c79.1920x1080.jpg?t=1481699554",http://cdn.akamai.steamstatic.com/steam/apps/256675789/movie_max.mp4?t=1481327058
1883200,Hentai Lagoon,"May 19, 2022",0 - 20000,0,0,0.99,0,"Hentai Lagoon is a puzzle game, the ultimate goal of which is to swap the blocks to collect the image. But remember, the purpose of this game is to let you relax and enjoy the process. To do this, we added a minimalistic interface and relaxing music. Features: Relaxing puzzle game. Beautiful girls. Beautiful music.","['English', 'French', 'Italian', 'German', 'Spanish - Spain', 'Arabic', 'Bulgarian', 'Portuguese - Brazil', 'Hungarian', 'Vietnamese', 'Greek', 'Danish', 'Spanish - Latin America', 'Traditional Chinese', 'Simplified Chinese', 'Korean', 'Dutch', 'Norwegian', 'Polish', 'Portuguese', 'Romanian', 'Russian', 'Thai', 'Turkish', 'Ukrainian', 'Finnish', 'Czech', 'Swedish', 'Japanese']",[],,https://cdn.akamai.steamstatic.com/steam/apps/1883200/header.jpg?t=1653000116,,,daisuke.otani.haru@gmail.com,True,False,False,0,,0,0,0,,0,0,"This game may contain content that is not suitable for all ages or for viewing at work: Nudity or sexual scenes, Adult Content. All characters are over 21 years old. non-consensual sex Ordinary sex BDSM and Using toys for sex",0,0,0,0,Horny69Team,Horny69Team,Single-player,"Casual,Indie",,"https://cdn.akamai.steamstatic.com/steam/apps/1883200/ss_8eb40be27c9745e83a0bab4bd8c6e13dfdd758a5.1920x1080.jpg?t=1653000116,https://cdn.akamai.steamstatic.com/steam/apps/1883200/ss_5849bd704d908796211cae730faae0e3c8b91e32.1920x1080.jpg?t=1653000116,https://cdn.akamai.steamstatic.com/steam/apps/1883200/ss_a15f1523ba005bee63055f8136dc918272d3a1f5.1920x1080.jpg?t=1653000116,https://cdn.akamai.steamstatic.com/steam/apps/1883200/ss_2d478aaaaaf2b38a2afd2be8044908b513658b87.1920x1080.jpg?t=1653000116,https://cdn.akamai.steamstatic.com/steam/apps/1883200/ss_ef50b04391089f189d432f00ba704dd0be94a0bc.1920x1080.jpg?t=1653000116",
2015260,Rich Taste of Ecchi,"Jun 17, 2022",0 - 20000,0,0,14.99,0,"General Rich Taste of Ecchi is an addicting game in which you have to solve puzzles with Lovely Girls Incredible Atmosphere , Great Music , lots of levels with girls art in HD quality. The game is great for relaxing after a hard day. Features Several difficulty levels. Relaxing gameplay 5 HD quality art with beautiful girls Pleasant atmosphere. Game Modes: EASY - 4x4 MEDIUM - 4x6 ADVANCED - 6x10 HARD - 8x14 EPIC - 10x16",['English'],['English'],,https://cdn.akamai.steamstatic.com/steam/apps/2015260/header.jpg?t=1655485395,,,rosaspecialstuidio@gmail.com,True,False,False,0,,0,12,0,,0,0,,0,0,0,0,玫瑰工作室,玫瑰工作室,Single-player,"Adventure,Casual,Indie,RPG","Casual,Adventure,RPG,Visual Novel,Puzzle,Turn-Based Strategy,Strategy RPG,JRPG,Idler,Side Scroller,Puzzle-Platformer,Exploration,Clicker,CRPG,2D,Anime,Cute,Minimalist,First-Person,Pixel Graphics","https://cdn.akamai.steamstatic.com/steam/apps/2015260/ss_d47c45a191e6fd25368f37c9855f5cd395144307.1920x1080.jpg?t=1655485395,https://cdn.akamai.steamstatic.com/steam/apps/2015260/ss_8fcdf71b5f10dbd5c3fc7dde1cb491fe5950a3c4.1920x1080.jpg?t=1655485395,https://cdn.akamai.steamstatic.com/steam/apps/2015260/ss_adddd6e8e37e64cfa3bb759e976a3d41215671e1.1920x1080.jpg?t=1655485395,https://cdn.akamai.steamstatic.com/steam/apps/2015260/ss_8dab42ffbf610aa10116882e7697a3e7cae0917b.1920x1080.jpg?t=1655485395,https://cdn.akamai.steamstatic.com/steam/apps/2015260/ss_a5911e4e9796e5044ed6ef5130336f0ee2a66ed5.1920x1080.jpg?t=1655485395",http://cdn.akamai.steamstatic.com/steam/apps/256889008/movie_max.mp4?t=1654157891
1449040,EXOTIUM - Episode 11,"Mar 29, 2021",0 - 20000,0,0,1.99,0,"In 2082, the human species lives in peace, and its technological and societal evolutions are exponential. This game series consisting of a season you must be through the eyes of Antoine Harris to a whole future universe of rich science fiction and composed of several stories from the past and the future. In this episode, Mr. Harris will uncover the truth about this place, from the man to the headset, but also about humanity in general. He will also discover that his past did not unfold in certain interventions from someone, whose identity he did not know ... Gameplay: The gameplay of EXOTIUM games is reduced to the strict minimum like a walking simulator, so don't expect to play an action game, you will play to discover the history of the characters, through their dialogue and some kinematics, and you will be able to understand the path that humanity took to get to where it is. Duration: each episode lasts about 40 minutes like a television series.",['French'],['French'],,https://cdn.akamai.steamstatic.com/steam/apps/1449040/header.jpg?t=1617039788,,,alphycontact@gmail.com,True,False,False,0,,0,0,0,,0,0,,0,0,0,0,ALPHY,ALPHY,Single-player,"Casual,Indie",,"https://cdn.akamai.steamstatic.com/steam/apps/1449040/ss_27c852f8394adf1497c1e34e896b8c5eaf35e20e.1920x1080.jpg?t=1617039788,https://cdn.akamai.steamstatic.com/steam/apps/1449040/ss_5ddcfb2ef69bee20fe27397e1320987bf6b84b5f.1920x1080.jpg?t=1617039788,https://cdn.akamai.steamstatic.com/steam/apps/1449040/ss_31ece1eb18dbacba225c42958a2684654f285c18.1920x1080.jpg?t=1617039788,https://cdn.akamai.steamstatic.com/steam/apps/1449040/ss_1fed06f66ff5afaf06b87a81c5a9abeb66443d09.1920x1080.jpg?t=1617039788,https://cdn.akamai.steamstatic.com/steam/apps/1449040/ss_8adfb76b6f72f57f21108146482fbcfe8b1c2310.1920x1080.jpg?t=1617039788","http://cdn.akamai.steamstatic.com/steam/apps/256827489/movie_max.mp4?t=1617039777,http://cdn.akamai.steamstatic.com/steam/apps/256806346/movie_max.mp4?t=1607885587"
1221070,Alien street battle,"Feb 7, 2020",0 - 20000,0,0,2.99,0,Welcome to alien street battle a jam packed game filled with fun and laughter. Choose your own character and Complete missions. Perform unique tricks destroy objects and enter the aliens advanced machines. roam around the open world drive cars play the arcades and even change your clothes. Key features: . Free Content Updates . Online Multiplayer . Character Select . PVP Mode Note . a controller is required for local multiplayer,['English'],['English'],,https://cdn.akamai.steamstatic.com/steam/apps/1221070/header.jpg?t=1653409701,,,browny.kb95@gmail.com,True,False,False,0,,0,7,1,,0,0,,0,0,0,0,karl brown,karl brown,"Single-player,Multi-player,PvP,Online PvP,LAN PvP,Shared/Split Screen PvP,Co-op,Shared/Split Screen Co-op,Shared/Split Screen,Partial Controller Support,Remote Play Together","Action,Adventure,Indie,Massively Multiplayer,Sports","Action,Sports,Indie,Adventure,Massively Multiplayer,Action-Adventure,Third-Person Shooter,Third Person,Realistic,Split Screen,Aliens,PvP,Co-op,Local Co-Op,Multiplayer,Singleplayer,Local Multiplayer","https://cdn.akamai.steamstatic.com/steam/apps/1221070/ss_eaf12d67cddb8463af2fee6a29241e4584356302.1920x1080.jpg?t=1653409701,https://cdn.akamai.steamstatic.com/steam/apps/1221070/ss_d5e4095118a746a0e180ba9c680dc6891c8e321b.1920x1080.jpg?t=1653409701,https://cdn.akamai.steamstatic.com/steam/apps/1221070/ss_8a0b738ce083f937a73e112044dd3198a5678403.1920x1080.jpg?t=1653409701,https://cdn.akamai.steamstatic.com/steam/apps/1221070/ss_419a960572e0d9449171af3e7d62695d46f6ae34.1920x1080.jpg?t=1653409701,https://cdn.akamai.steamstatic.com/steam/apps/1221070/ss_de235e29895b9d9d2bdf22136f94423965d33ab9.1920x1080.jpg?t=1653409701,https://cdn.akamai.steamstatic.com/steam/apps/1221070/ss_25e7064f6158e09adf1d0748635787d9e52c18c6.1920x1080.jpg?t=1653409701,https://cdn.akamai.steamstatic.com/steam/apps/1221070/ss_5e91f75693fdcd80d75d4f8c6aca827a592e15df.1920x1080.jpg?t=1653409701",http://cdn.akamai.steamstatic.com/steam/apps/256861107/movie_max.mp4?t=1637273431
2332580,Homeseek Playtest,"Mar 23, 2023",0 - 0,0,0,0.0,0,,[],[],,https://cdn.akamai.steamstatic.com/steam/apps/2332580/header.jpg?t=1679587537,,,,True,False,False,0,,0,0,0,,0,0,,0,0,0,0,,,,,,,
2185530,VR T72 Battle in Afghanistan,"Dec 20, 2022",0 - 20000,0,0,2.39,0,"Through VR virtual simulation, players are brought to the battlefield of Afghanistan full of gunpowder, and they drive steel beasts to fight fiercely with the enemy in the city. Players drive tanks to walk in the streets and alleys of the city, attacking and destroying the tank targets of every hostile target. The enemy's attack will also damage the armor of the tank, after the armor is cleared, the battle is lost. Therefore, while attacking the enemy, do your own protection measures and attack and destroy as many hostile targets as possible. Game operation: Left handle roulette controls tank action The right handle controls the movement of the turret Right handle trigger controls firing","['English', 'French', 'Italian', 'German', 'Spanish - Spain', 'Russian', 'Turkish', 'Japanese', 'Polish', 'Simplified Chinese', 'Traditional Chinese', 'Portuguese - Portugal', 'Korean']",[],,https://cdn.akamai.steamstatic.com/steam/apps/2185530/header.jpg?t=1671599351,,,MonGoLianGameStudio@outlook.com,True,False,False,0,,0,0,0,,0,0,,0,0,0,0,MonGoLian Game Studio,MonGoLian Game Studio,"Single-player,Tracked Controller Support,VR Only","Action,RPG,Simulation",,"https://cdn.akamai.steamstatic.com/steam/apps/2185530/ss_7abce0ad415151176648e921dda97e715928f06e.1920x1080.jpg?t=1671599351,https://cdn.akamai.steamstatic.com/steam/apps/2185530/ss_ea09f8361b7f525ceaf8bc2f0c83fb65ef0c49ff.1920x1080.jpg?t=1671599351,https://cdn.akamai.steamstatic.com/steam/apps/2185530/ss_3b25023f315768071ab96db4795b31147a942dd9.1920x1080.jpg?t=1671599351,https://cdn.akamai.steamstatic.com/steam/apps/2185530/ss_2710b10f4201d78bce09b218355648562421d473.1920x1080.jpg?t=1671599351,https://cdn.akamai.steamstatic.com/steam/apps/2185530/ss_53dc9dec55eedb8b800ef5db45ee65b6c00f2277.1920x1080.jpg?t=1671599351",http://cdn.akamai.steamstatic.com/steam/apps/256910838/movie_max.mp4?t=1668482542
1628790,幻想殇物语,"Aug 10, 2021",0 - 20000,0,0,1.99,0,"This is a linear role-playing adventure game. Players are going to play a servant of the Royal Princess of the Far East Island. In the process of traveling with the princess, they can solve the truth of each story and explore their own inner world by completing decryption, small games, interesting battles, etc. At the same time, in the process of promoting the main line, we will unlock the branch line and complete the branch line accordingly, so as to further understand the story background and the emotional stories of the characters, as well as all kinds of social situations. [game features] *Inexplicably interesting battle *All kinds of games *The treasure chest hidden in the underground city *Find the password and explore the decryption elements of the clue *12 Daily branches and 7 story branches",['Simplified Chinese'],[],,https://cdn.akamai.steamstatic.com/steam/apps/1628790/header.jpg?t=1648801817,,,960410781qq@.com,True,False,False,0,,0,3,0,,0,0,"The adult content of the game will mainly appear in: After the main story, as an additional reward, you need to talk to the corresponding characters to trigger the plot. Including swimsuit, bath towel benefits, sex in sleep It will be displayed on the screen in the form of transparent background picture CG The game does not include depictions of sexual acts and/or violence, sensitive topics of sexual assault / involuntary sexual behavior, drug and alcohol abuse or self harm. The story of the work revolves around the feelings between men and women in ancient times. The topic involves the discussion of themselves and the reflection on human nature. There will be some topics involving privacy, including what love is and whether it is feasible to fall in love with people of different classes，But it will not involve the discussion of sex, and the description of self mutilation and sexual assault will not appear *Last, the steam version of the game does not contain Mature content，The game is a full age version.",0,0,0,0,Blue Pigeon,Blue Pigeon,Single-player,"Adventure,Indie,RPG,Early Access","Early Access,RPGMaker,Mature,Hentai,JRPG,Adventure,Alternate History,Anime,RPG,Nudity,Linear,Pixel Graphics,Sexual Content,CRPG,Singleplayer,Indie","https://cdn.akamai.steamstatic.com/steam/apps/1628790/ss_1410f1228384faefdffec2efce2e499722ae894d.1920x1080.jpg?t=1648801817,https://cdn.akamai.steamstatic.com/steam/apps/1628790/ss_8692637f3f47daaf547a189e867f4944d9068c72.1920x1080.jpg?t=1648801817,https://cdn.akamai.steamstatic.com/steam/apps/1628790/ss_854614ef059d0a036395ff4f814491941d889045.1920x1080.jpg?t=1648801817,https://cdn.akamai.steamstatic.com/steam/apps/1628790/ss_fa10027fe5c39e3fcbc23af68fbbf2974c7b22c5.1920x1080.jpg?t=1648801817,https://cdn.akamai.steamstatic.com/steam/apps/1628790/ss_33370b47cc4fe4a4b2b6ef79d11600821e147c7b.1920x1080.jpg?t=1648801817",http://cdn.akamai.steamstatic.com/steam/apps/256843710/movie_max.mp4?t=1626928095
